cnes,name,type,ibge_city_code,city,state,neighborhood_id,neighborhood,lat,lng,teams,source,official_type_code,official_type_description,last_updated,sus_ambulatory,dataset_status
2340208,CAIS I,CAIS,5212501,Luziania,GO,setor-fumal,SETOR FUMAL,-16.265807403575383,-47.95530080795288,0,CNES API Dados Abertos MS,2,CENTRO DE SAUDE/UNIDADE BASICA,2025-09-03,SIM,official_verified
0640611,COMPLEXO DE ESPECIALIDADES MEDICAS DO ENTERNO CEME,HOSPITAL,5212501,Luziania,GO,jardim-do-inga,JARDIM DO INGA,-16.141846144587824,-47.94905662536621,0,CNES API Dados Abertos MS,62,HOSPITAL/DIA - ISOLADO,2025-09-03,SIM,official_verified
2340194,HOSPITAL ESTADUAL DE LUZIANIA,HOSPITAL,5212501,Luziania,GO,parque-estrela-dalva,PARQUE ESTRELA DALVA,-16.2511133,-47.9274618,0,CNES API Dados Abertos MS,5,HOSPITAL GERAL,2025-09-03,SIM,official_verified
5882451,HOSPITAL MUNICIPAL DO JARDIM INGA,HOSPITAL,5212501,Luziania,GO,jardim-inga,JARDIM INGA,-16.142856116908117,-47.96051502227783,0,CNES API Dados Abertos MS,5,HOSPITAL GERAL,2025-09-03,SIM,official_verified
2340429,HOSPITAL SANTA LUZIA,HOSPITAL,5212501,Luziania,GO,luziania-centro,LUZIANIA CENTRO,-16.25060491742997,-47.950730323791504,0,CNES API Dados Abertos MS,5,HOSPITAL GERAL,2025-09-03,SIM,official_verified
6420923,CENTRO DE ATENCAO PSICOSSOCIAL CAPS II,OUTRO,5212501,Luziania,GO,centro,CENTRO,-16.251686433963503,-47.95529007911682,0,CNES API Dados Abertos MS,70,CENTRO DE ATENCAO PSICOSSOCIAL,2025-09-03,SIM,official_verified
3058999,CENTRO DE TESTAGEM E ACONSELHAMENTO,OUTRO,5212501,Luziania,GO,setor-fumal,SETOR FUMAL,-16.26045164836626,-47.957661151885986,0,CNES API Dados Abertos MS,39,UNIDADE DE APOIO DIAGNOSE E TERAPIA (SADT ISOLADO),2025-09-03,SIM,official_verified
3492222,CENTRO ESPECIALIZADO DE ODONTOLOGIA CEO,OUTRO,5212501,Luziania,GO,setor-fumal,SETOR FUMAL,-16.264283088115075,-47.95978546142578,0,CNES API Dados Abertos MS,36,CLINICA/CENTRO DE ESPECIALIDADE,2025-09-03,SIM,official_verified
9530924,CENTRO ESPECIALIZADO EM REABILITACAO CER II DE LUZIANIA,OUTRO,5212501,Luziania,GO,setor-aeroporto,SETOR AEROPORTO,-16.26275876082346,-47.96034336090088,0,CNES API Dados Abertos MS,36,CLINICA/CENTRO DE ESPECIALIDADE,2025-09-11,SIM,official_verified
4539869,CLINICA MED CENTER,OUTRO,5212501,Luziania,GO,centro,CENTRO,-16.254910347937624,-47.95788377523422,0,CNES API Dados Abertos MS,36,CLINICA/CENTRO DE ESPECIALIDADE,2025-09-03,SIM,official_verified
2796309,CLINICA RENAL DE LUZIANIA,OUTRO,5212501,Luziania,GO,centro,CENTRO,-16.250378313211762,-47.95106291770935,0,CNES API Dados Abertos MS,36,CLINICA/CENTRO DE ESPECIALIDADE,2025-09-03,SIM,official_verified
7387806,COMPLEXO DE ESPECIALIDADES MEDICAS DO ENTORNO CEME,OUTRO,5212501,Luziania,GO,setor-aeroporto,SETOR AEROPORTO,-16.25824750669182,-47.95851945877075,0,CNES API Dados Abertos MS,4,POLICLINICA,2025-09-03,SIM,official_verified
4856368,HOSPITAL DE OLHOS,OUTRO,5212501,Luziania,GO,parque-estrela-dalva,PARQUE ESTRELA DALVA,-16.252706144101666,-47.9278564453125,0,CNES API Dados Abertos MS,36,CLINICA/CENTRO DE ESPECIALIDADE,2025-09-03,SIM,official_verified
4360311,INSTITUTO PATRIS,OUTRO,5212501,Luziania,GO,parque-estrela-dalva,PARQUE ESTRELA DALVA,-16.246886515189246,-47.914477586746216,0,CNES API Dados Abertos MS,36,CLINICA/CENTRO DE ESPECIALIDADE,2025-09-03,SIM,official_verified
3511618,LAB VIDA LABORATORIO DE ANALISES CLINICAS LTDA,OUTRO,5212501,Luziania,GO,centro,CENTRO,-16.2508521217337,-47.950429916381836,0,CNES API Dados Abertos MS,39,UNIDADE DE APOIO DIAGNOSE E TERAPIA (SADT ISOLADO),2025-09-03,SIM,official_verified
4844297,LABORATORIO CLINICO PREVENCAO,OUTRO,5212501,Luziania,GO,santa-luzia,SANTA LUZIA,-16.2535047,-47.9479164,0,CNES API Dados Abertos MS,39,UNIDADE DE APOIO DIAGNOSE E TERAPIA (SADT ISOLADO),2025-09-03,SIM,official_verified
9318933,LABORATORIO CLINICO PREVENCAO,OUTRO,5212501,Luziania,GO,setor-fumal,SETOR FUMAL,-16.2660731,-47.9536217,0,CNES API Dados Abertos MS,39,UNIDADE DE APOIO DIAGNOSE E TERAPIA (SADT ISOLADO),2025-09-03,SIM,official_verified
4323890,NOSSA CLINICA CENTRO MEDICO E DIAGNOSTICOS,OUTRO,5212501,Luziania,GO,setor-aeroporto,SETOR AEROPORTO,-16.257650118240328,-47.95950651168823,0,CNES API Dados Abertos MS,36,CLINICA/CENTRO DE ESPECIALIDADE,2025-09-03,SIM,official_verified
6429998,REGIONAL DE SAUDE ENTORNO SUL LUZIANIA,OUTRO,5212501,Luziania,GO,centro,CENTRO,-16.225264827978897,-47.9188871383667,0,CNES API Dados Abertos MS,68,CENTRAL DE GESTAO EM SAUDE,2025-11-08,SIM,official_verified
0999091,SERVICO DE ATENDIMENTO DOMICILIAR SAD,OUTRO,5212501,Luziania,GO,centro,CENTRO,-16.249677898522144,-47.9517924785614,3,CNES API Dados Abertos MS,71,CENTRO DE APOIO A SAUDE DA FAMILIA,2025-09-03,SIM,official_verified
3460401,TRANSFUSIONAL,OUTRO,5212501,Luziania,GO,rosario,ROSARIO,-16.251552532239273,-47.95079469680786,0,CNES API Dados Abertos MS,69,CENTRO DE ATENCAO HEMOTERAPIA E OU HEMATOLOGICA,2025-09-03,SIM,official_verified
7883668,UNIDADE DE PRONTO ATENDIMENTO DE LUZIANIA UPA,OUTRO,5212501,Luziania,GO,parque-estrela-dalva,PARQUE ESTRELA DALVA,-16.251758534854147,-47.91568994522095,0,CNES API Dados Abertos MS,73,PRONTO ATENDIMENTO,2025-09-03,SIM,official_verified
9093508,UNIDADE DE PRONTO ATENDIMENTO DO JARDIM INGA UPA,OUTRO,5212501,Luziania,GO,jardim-inga,JARDIM INGA,-16.146143644180885,-47.95527398586273,0,CNES API Dados Abertos MS,73,PRONTO ATENDIMENTO,2025-09-03,SIM,official_verified
2340453,UNIDADE DE VIGILANCIA SANITARIA,OUTRO,5212501,Luziania,GO,setor-aeroporto,SETOR AEROPORTO,-16.264530275209687,-47.95849800109863,0,CNES API Dados Abertos MS,50,UNIDADE DE VIGILANCIA EM SAUDE,2025-09-03,SIM,official_verified
8378843,UNIDADE VOLANTE DE VACINACAO,OUTRO,5212501,Luziania,GO,centro,CENTRO,-16.2531902470627,-47.961684465408325,0,CNES API Dados Abertos MS,40,UNIDADE MOVEL TERRESTRE,2026-07-15,SIM,official_verified
2831783,WS CENTRO CLINICO,OUTRO,5212501,Luziania,GO,centro,CENTRO,-16.252541342821587,-47.951931953430176,0,CNES API Dados Abertos MS,36,CLINICA/CENTRO DE ESPECIALIDADE,2025-09-03,SIM,official_verified
0724661,CENTRO DE INSERCAO SOCIAL,UBS,5212501,Luziania,GO,parque-nova-pirapiti,PARQUE NOVA PIRAPITI,-16.27106002161188,-47.863032817840576,1,CNES API Dados Abertos MS,2,CENTRO DE SAUDE/UNIDADE BASICA,2025-09-03,SIM,official_verified
9762671,MATERNO INFANTIL,UBS,5212501,Luziania,GO,setor-leste,SETOR LESTE,-16.25654803477898,-47.90813684463501,1,CNES API Dados Abertos MS,2,CENTRO DE SAUDE/UNIDADE BASICA,2025-09-03,SIM,official_verified
2340380,POSTO DE SAUDE INDAIA,UBS,5212501,Luziania,GO,zona-rural,ZONA RURAL,-16.255013347512257,-47.95974254608154,2,CNES API Dados Abertos MS,1,POSTO DE SAUDE,2025-09-03,SIM,official_verified
2340461,PSF ALTO DAS CARAIBAS,UBS,5212501,Luziania,GO,alto-das-caraibas,ALTO DAS CARAIBAS,-16.236681148288643,-47.94765114784241,2,CNES API Dados Abertos MS,2,CENTRO DE SAUDE/UNIDADE BASICA,2025-09-03,SIM,official_verified
2340364,PSF AMERICANOS,UBS,5212501,Luziania,GO,zona-rural,ZONA RURAL,-16.34125650547798,-47.90743947029114,1,CNES API Dados Abertos MS,2,CENTRO DE SAUDE/UNIDADE BASICA,2025-09-03,SIM,official_verified
0218650,PSF JARDIM DO INGA,UBS,5212501,Luziania,GO,jardim-do-inga,JARDIM DO INGA,-16.144772988977095,-47.95051574707031,4,CNES API Dados Abertos MS,2,CENTRO DE SAUDE/UNIDADE BASICA,2025-09-03,SIM,official_verified
2340240,PSF JARDIM IPE,UBS,5212501,Luziania,GO,jardim-ipe,JARDIM IPE,-16.18302409947757,-47.92991638183594,2,CNES API Dados Abertos MS,2,CENTRO DE SAUDE/UNIDADE BASICA,2025-09-03,SIM,official_verified
9037365,PSF JARDIM MARILIA,UBS,5212501,Luziania,GO,jardim-marilia,JARDIM MARILIA,-16.173297148310585,-47.92631149291992,1,CNES API Dados Abertos MS,2,CENTRO DE SAUDE/UNIDADE BASICA,2025-09-03,SIM,official_verified
5418232,PSF JARDIM PLANALTO,UBS,5212501,Luziania,GO,jardim-planalto,JARDIM PLANALTO,-16.202476563960133,-47.91755676269531,1,CNES API Dados Abertos MS,2,CENTRO DE SAUDE/UNIDADE BASICA,2025-09-03,SIM,official_verified
6771882,PSF MANDU,UBS,5212501,Luziania,GO,setor-mandu-ii,SETOR MANDU II,-16.24928648922625,-47.93429374694824,2,CNES API Dados Abertos MS,2,CENTRO DE SAUDE/UNIDADE BASICA,2025-09-03,SIM,official_verified
2340356,PSF MANIRATUBA,UBS,5212501,Luziania,GO,zona-rural,ZONA RURAL,-16.8161466,-48.0295256,1,CNES API Dados Abertos MS,2,CENTRO DE SAUDE/UNIDADE BASICA,2025-09-03,SIM,official_verified
3587029,PSF MINGONE I,UBS,5212501,Luziania,GO,mingone-i,MINGONE I,-16.20346562107622,-47.91755676269531,2,CNES API Dados Abertos MS,2,CENTRO DE SAUDE/UNIDADE BASICA,2025-09-03,SIM,official_verified
2340445,PSF MINGONE II,UBS,5212501,Luziania,GO,mingone-ii,MINGONE II,-16.14588600294974,-47.939229011535645,3,CNES API Dados Abertos MS,2,CENTRO DE SAUDE/UNIDADE BASICA,2025-11-13,SIM,official_verified
7902441,PSF NORTE MARAVILHA,UBS,5212501,Luziania,GO,setor-norte,SETOR NORTE,-16.24687621480835,-47.95555830001831,3,CNES API Dados Abertos MS,2,CENTRO DE SAUDE/UNIDADE BASICA,2025-09-03,SIM,official_verified
2340488,PSF PARQUE ALVORADA,UBS,5212501,Luziania,GO,parque-jk,PARQUE JK,-16.237997085793236,-47.94313430786133,4,CNES API Dados Abertos MS,2,CENTRO DE SAUDE/UNIDADE BASICA,2025-09-03,SIM,official_verified
6427316,PSF PARQUE ESTRELA DALVA IX,UBS,5212501,Luziania,GO,parque-estrela-dalva,PARQUE ESTRELA DALVA,-16.179067431382258,-47.96287536621094,5,CNES API Dados Abertos MS,2,CENTRO DE SAUDE/UNIDADE BASICA,2025-09-03,SIM,official_verified
6771912,PSF PARQUE ESTRELA DALVA VIII,UBS,5212501,Luziania,GO,parque-estrela-dalva,PARQUE ESTRELA DALVA,-16.261481612633034,-47.91154861450195,2,CNES API Dados Abertos MS,2,CENTRO DE SAUDE/UNIDADE BASICA,2025-09-03,SIM,official_verified
2340232,PSF PARQUE ESTRELA DALVA X,UBS,5212501,Luziania,GO,parque-estrela-dalva,PARQUE ESTRELA DALVA,-16.161591199251923,-47.984161376953125,2,CNES API Dados Abertos MS,2,CENTRO DE SAUDE/UNIDADE BASICA,2025-09-03,SIM,official_verified
5983525,PSF PARQUE SANTA FE,UBS,5212501,Luziania,GO,parque-santa-fe,PARQUE SANTA FE,-16.18335381823989,-47.934722900390625,2,CNES API Dados Abertos MS,2,CENTRO DE SAUDE/UNIDADE BASICA,2025-09-03,SIM,official_verified
3777006,PSF PARQUE SOL NASCENTE,UBS,5212501,Luziania,GO,parque-sol-nascente,PARQUE SOL NASCENTE,-16.20709212138586,-47.927513122558594,2,CNES API Dados Abertos MS,2,CENTRO DE SAUDE/UNIDADE BASICA,2025-09-03,SIM,official_verified
2340437,PSF RESIDENCIAL COPAIBAS,UBS,5212501,Luziania,GO,residencial-copaibas,RESIDENCIAL COPAIBAS,-16.23782969697109,-47.905486822128296,2,CNES API Dados Abertos MS,2,CENTRO DE SAUDE/UNIDADE BASICA,2025-09-03,SIM,official_verified
6771904,PSF SETOR LESTE SAO CAETANO,UBS,5212501,Luziania,GO,setor-leste,SETOR LESTE,-16.247638441537,-47.9058837890625,2,CNES API Dados Abertos MS,2,CENTRO DE SAUDE/UNIDADE BASICA,2025-09-03,SIM,official_verified
2340348,PSF TRES VENDAS,UBS,5212501,Luziania,GO,tres-vendas,TRES VENDAS,-16.328541244900556,-48.01900863647461,2,CNES API Dados Abertos MS,2,CENTRO DE SAUDE/UNIDADE BASICA,2025-09-03,SIM,official_verified
2340259,PSF VILA ESPERANCA,UBS,5212501,Luziania,GO,vila-esperanca,VILA ESPERANCA,-16.24669080785996,-47.959721088409424,2,CNES API Dados Abertos MS,2,CENTRO DE SAUDE/UNIDADE BASICA,2025-09-03,SIM,official_verified
7569602,PSF VILA JURACY,UBS,5212501,Luziania,GO,setor-leste,SETOR LESTE,-16.2546442,-47.9429114,3,CNES API Dados Abertos MS,2,CENTRO DE SAUDE/UNIDADE BASICA,2025-09-03,SIM,official_verified
0085502,UNIDADE BASICA DE SAUDE CIDADE OSFAYA,UBS,5212501,Luziania,GO,cidade-osfaya,CIDADE OSFAYA,-16.19687181326706,-47.912750244140625,2,CNES API Dados Abertos MS,2,CENTRO DE SAUDE/UNIDADE BASICA,2025-09-03,SIM,official_verified
9692754,UNIDADE BASICA DE SAUDE DO JARDIM SAO PAULO,UBS,5212501,Luziania,GO,jardim-sao-paulo,JARDIM SAO PAULO,-16.27400554590911,-47.857818603515625,2,CNES API Dados Abertos MS,2,CENTRO DE SAUDE/UNIDADE BASICA,2025-09-03,SIM,official_verified
0150037,UNIDADE BASICA DE SAUDE JARDIM LUZILIA,UBS,5212501,Luziania,GO,parque-luzilia,PARQUE LUZILIA,-16.20577340171908,-47.91755676269531,2,CNES API Dados Abertos MS,2,CENTRO DE SAUDE/UNIDADE BASICA,2025-09-03,SIM,official_verified
4517393,UNIDADE BASICA DE SAUDE PED IX I,UBS,5212501,Luziania,GO,parque-estrela-dalva,PARQUE ESTRELA DALVA,-16.179232294135776,-47.92969107627869,2,CNES API Dados Abertos MS,2,CENTRO DE SAUDE/UNIDADE BASICA,2025-09-03,SIM,official_verified
9265643,UNIDADE BASICA DE SAUDE SETOR AEROPORTO,UBS,5212501,Luziania,GO,setor-viegas,SETOR VIEGAS,-16.26030745293797,-47.9563307762146,4,CNES API Dados Abertos MS,2,CENTRO DE SAUDE/UNIDADE BASICA,2025-09-03,SIM,official_verified
9650199,UNIDADE BASICA DE SAUDE SETOR INDUSTRIAL,UBS,5212501,Luziania,GO,parque-industrial,PARQUE INDUSTRIAL,-16.212037241560264,-47.867431640625,2,CNES API Dados Abertos MS,2,CENTRO DE SAUDE/UNIDADE BASICA,2025-09-03,SIM,official_verified
0546119,UNIDADE DE SAUDE DO CENTRO DE PRISAO PROVISORIA,UBS,5212501,Luziania,GO,diogo-machado-de-ara,DIOGO MACHADO DE ARA,-16.25317994701211,-47.96113729476929,2,CNES API Dados Abertos MS,2,CENTRO DE SAUDE/UNIDADE BASICA,2025-09-03,SIM,official_verified
